{"cameraMode":{"drawMode":0,"name":"Shaded","section":"Shading Mode"},"sceneLighting":true,"audioPlay":false,"sceneViewState":{"showFog":true,"showMaterialUpdate":false,"showSkybox":true,"showFlares":true,"showImageEffects":true,"showParticleSystems":true},"in2DMode":false,"pivot":{"x":-6.792593002319336,"y":-5.2773332595825199,"z":-50.95320510864258},"rotation":{"x":-0.24553677439689637,"y":0.521511435508728,"z":-0.15978647768497468,"w":-0.8013824224472046},"size":8.678722381591797,"orthographic":false}