{"cameraMode":{"drawMode":0,"name":"Shaded","section":"Shading Mode"},"sceneLighting":true,"audioPlay":false,"sceneViewState":{"showFog":true,"showMaterialUpdate":false,"showSkybox":true,"showFlares":true,"showImageEffects":true,"showParticleSystems":true},"in2DMode":false,"pivot":{"x":-1.1461858749389649,"y":-11.60731315612793,"z":-48.77524948120117},"rotation":{"x":-0.24553677439689637,"y":0.521511435508728,"z":-0.15978647768497468,"w":-0.8013824224472046},"size":13.515987396240235,"orthographic":false}