{"cameraMode":{"drawMode":0,"name":"Shaded","section":"Shading Mode"},"sceneLighting":true,"audioPlay":false,"sceneViewState":{"showFog":true,"showMaterialUpdate":false,"showSkybox":true,"showFlares":true,"showImageEffects":true,"showParticleSystems":true},"in2DMode":false,"pivot":{"x":19.52789878845215,"y":-0.49899983406066897,"z":30.293025970458986},"rotation":{"x":0.0859186127781868,"y":0.6544219255447388,"z":-0.07503023743629456,"w":0.7475447058677673},"size":5.862132549285889,"orthographic":true}