{"cameraMode":{"drawMode":0,"name":"Shaded","section":"Shading Mode"},"sceneLighting":false,"audioPlay":false,"sceneViewState":{"showFog":true,"showMaterialUpdate":false,"showSkybox":false,"showFlares":true,"showImageEffects":true,"showParticleSystems":true},"in2DMode":false,"pivot":{"x":-0.522705078125,"y":0.55859375,"z":-0.6844482421875},"rotation":{"x":0.07557668536901474,"y":0.8832582831382752,"z":-0.15280795097351075,"w":0.4368409514427185},"size":1.321373701095581,"orthographic":true}