{"cameraMode":{"drawMode":0,"name":"Shaded","section":"Shading Mode"},"sceneLighting":true,"audioPlay":false,"sceneViewState":{"showFog":true,"showMaterialUpdate":false,"showSkybox":true,"showFlares":true,"showImageEffects":true,"showParticleSystems":true},"in2DMode":false,"pivot":{"x":19.495059967041017,"y":0.6399999856948853,"z":37.519996643066409},"rotation":{"x":0.012699450366199017,"y":0.9747048616409302,"z":-0.21572208404541017,"w":0.057380493730306628},"size":6.23378324508667,"orthographic":true}