{"cameraMode":{"drawMode":0,"name":"Shaded","section":"Shading Mode"},"sceneLighting":true,"audioPlay":false,"sceneViewState":{"showFog":true,"showMaterialUpdate":false,"showSkybox":true,"showFlares":true,"showImageEffects":true,"showParticleSystems":true},"in2DMode":false,"pivot":{"x":19.1192626953125,"y":31.767578125,"z":20.199951171875},"rotation":{"x":-0.7756219506263733,"y":-0.07148326933383942,"z":0.08924338966608048,"w":-0.6208053231239319},"size":72.48246765136719,"orthographic":true}