{"cameraMode":{"drawMode":0,"name":"Shaded","section":"Shading Mode"},"sceneLighting":true,"audioPlay":false,"sceneViewState":{"showFog":true,"showMaterialUpdate":false,"showSkybox":true,"showFlares":true,"showImageEffects":true,"showParticleSystems":true},"in2DMode":false,"pivot":{"x":598.84765625,"y":251.4033203125,"z":31.6875},"rotation":{"x":-0.007182608358561993,"y":0.04647783935070038,"z":0.0003346846788190305,"w":0.998896062374115},"size":293.07147216796877,"orthographic":true}