{"cameraMode":{"drawMode":0,"name":"Shaded","section":"Shading Mode"},"sceneLighting":false,"audioPlay":false,"sceneViewState":{"showFog":true,"showMaterialUpdate":false,"showSkybox":false,"showFlares":true,"showImageEffects":true,"showParticleSystems":true},"in2DMode":false,"pivot":{"x":1.5269775390625,"y":-0.774169921875,"z":0.377685546875},"rotation":{"x":0.1447306126356125,"y":-0.2537093162536621,"z":0.038426320999860767,"w":0.9556247591972351},"size":1.8446094989776612,"orthographic":true}