{"cameraMode":{"drawMode":0,"name":"Shaded","section":"Shading Mode"},"sceneLighting":false,"audioPlay":false,"sceneViewState":{"showFog":true,"showMaterialUpdate":false,"showSkybox":false,"showFlares":true,"showImageEffects":true,"showParticleSystems":true},"in2DMode":false,"pivot":{"x":5.960464477539063e-8,"y":0.4348621964454651,"z":0.10153740644454956},"rotation":{"x":-0.06350724399089813,"y":0.7183590531349182,"z":-0.06612686067819596,"w":-0.6896542310714722},"size":1.6634464263916016,"orthographic":true}