{"cameraMode":{"drawMode":0,"name":"Shaded","section":"Shading Mode"},"sceneLighting":true,"audioPlay":false,"sceneViewState":{"showFog":true,"showMaterialUpdate":false,"showSkybox":true,"showFlares":true,"showImageEffects":true,"showParticleSystems":true},"in2DMode":false,"pivot":{"x":26.169921875,"y":7.4854736328125,"z":83.2119140625},"rotation":{"x":0.03315874561667442,"y":0.47996124625205996,"z":-0.01814892888069153,"w":0.8764890432357788},"size":13.217272758483887,"orthographic":true}