{"cameraMode":{"drawMode":0,"name":"Shaded","section":"Shading Mode"},"sceneLighting":true,"audioPlay":false,"sceneViewState":{"showFog":true,"showMaterialUpdate":false,"showSkybox":true,"showFlares":true,"showImageEffects":true,"showParticleSystems":true},"in2DMode":false,"pivot":{"x":20.58219337463379,"y":0.48102420568466189,"z":29.665359497070314},"rotation":{"x":0.048537611961364749,"y":0.9480809569358826,"z":-0.1772366613149643,"w":0.2596369683742523},"size":21.195220947265626,"orthographic":true}