{"cameraMode":{"drawMode":0,"name":"Shaded","section":"Shading Mode"},"sceneLighting":true,"audioPlay":false,"sceneViewState":{"showFog":true,"showMaterialUpdate":false,"showSkybox":true,"showFlares":true,"showImageEffects":true,"showParticleSystems":true},"in2DMode":false,"pivot":{"x":19.52789878845215,"y":-0.49899983406066897,"z":30.293025970458986},"rotation":{"x":-0.3794667720794678,"y":0.5458002686500549,"z":-0.3033950626850128,"w":-0.6827345490455627},"size":5.060110569000244,"orthographic":true}