{"cameraMode":{"drawMode":0,"name":"Shaded","section":"Shading Mode"},"sceneLighting":true,"audioPlay":false,"sceneViewState":{"showFog":true,"showMaterialUpdate":false,"showSkybox":true,"showFlares":true,"showImageEffects":true,"showParticleSystems":true},"in2DMode":false,"pivot":{"x":19.495059967041017,"y":0.6399999856948853,"z":37.519996643066409},"rotation":{"x":0.03654826432466507,"y":0.9183725118637085,"z":-0.08732984215021134,"w":0.3842839300632477},"size":20.171085357666017,"orthographic":true}