{"cameraMode":{"drawMode":0,"name":"Shaded","section":"Shading Mode"},"sceneLighting":true,"audioPlay":false,"sceneViewState":{"showFog":true,"showMaterialUpdate":false,"showSkybox":true,"showFlares":true,"showImageEffects":true,"showParticleSystems":true},"in2DMode":false,"pivot":{"x":230.30703735351563,"y":315.9609375,"z":20.291826248168947},"rotation":{"x":-0.14821338653564454,"y":0.02611299604177475,"z":-0.003924702759832144,"w":-0.9886376261711121},"size":262.1937255859375,"orthographic":true}