{"cameraMode":{"drawMode":0,"name":"Shaded","section":"Shading Mode"},"sceneLighting":true,"audioPlay":false,"sceneViewState":{"showFog":true,"showMaterialUpdate":false,"showSkybox":true,"showFlares":true,"showImageEffects":true,"showParticleSystems":true},"in2DMode":false,"pivot":{"x":663.578125,"y":291.79638671875,"z":-23.625},"rotation":{"x":-0.0018093562684953213,"y":-0.005087883677333593,"z":0.000002285320306327776,"w":-0.9999879598617554},"size":337.2049560546875,"orthographic":true}