{"cameraMode":{"drawMode":0,"name":"Shaded","section":"Shading Mode"},"sceneLighting":true,"audioPlay":false,"sceneViewState":{"showFog":true,"showMaterialUpdate":false,"showSkybox":true,"showFlares":true,"showImageEffects":true,"showParticleSystems":true},"in2DMode":false,"pivot":{"x":21.108097076416017,"y":49.62617111206055,"z":25.757469177246095},"rotation":{"x":0.09143521636724472,"y":0.7047185301780701,"z":-0.6975688934326172,"w":0.09224320948123932},"size":15.529693603515625,"orthographic":true}