{"cameraMode":{"drawMode":0,"name":"Shaded","section":"Shading Mode"},"sceneLighting":false,"audioPlay":false,"sceneViewState":{"showFog":true,"showMaterialUpdate":false,"showSkybox":false,"showFlares":true,"showImageEffects":true,"showParticleSystems":true},"in2DMode":false,"pivot":{"x":-1.8466796875,"y":-0.70849609375,"z":-1.04119873046875},"rotation":{"x":0.0017992813372984529,"y":0.9466410875320435,"z":0.0053987824358046059,"w":-0.3223445415496826},"size":2.5684001445770265,"orthographic":true}