{"cameraMode":{"drawMode":0,"name":"Shaded","section":"Shading Mode"},"sceneLighting":true,"audioPlay":false,"sceneViewState":{"showFog":true,"showMaterialUpdate":false,"showSkybox":true,"showFlares":true,"showImageEffects":true,"showParticleSystems":true},"in2DMode":false,"pivot":{"x":634.2447509765625,"y":224.58993530273438,"z":137.0872802734375},"rotation":{"x":0.06775672733783722,"y":0.005981698632240295,"z":-0.00040649264701642096,"w":0.9976873993873596},"size":338.92401123046877,"orthographic":false}