{"cameraMode":{"drawMode":0,"name":"Shaded","section":"Shading Mode"},"sceneLighting":true,"audioPlay":false,"sceneViewState":{"showFog":true,"showMaterialUpdate":false,"showSkybox":true,"showFlares":true,"showImageEffects":true,"showParticleSystems":true},"in2DMode":false,"pivot":{"x":32.28203201293945,"y":11.842028617858887,"z":-25.03271484375},"rotation":{"x":-0.09347959607839585,"y":-0.5367880463600159,"z":0.0600028857588768,"w":-0.8363791704177856},"size":14.830857276916504,"orthographic":false}