{"cameraMode":{"drawMode":0,"name":"Shaded","section":"Shading Mode"},"sceneLighting":true,"audioPlay":false,"sceneViewState":{"showFog":true,"showMaterialUpdate":false,"showSkybox":true,"showFlares":true,"showImageEffects":true,"showParticleSystems":true},"in2DMode":false,"pivot":{"x":67.26737976074219,"y":-52.6429443359375,"z":29.556900024414064},"rotation":{"x":0.3449631631374359,"y":0.31465500593185427,"z":-0.12397024035453797,"w":0.8755784034729004},"size":264.7769470214844,"orthographic":false}