{"cameraMode":{"drawMode":0,"name":"Shaded","section":"Shading Mode"},"sceneLighting":true,"audioPlay":false,"sceneViewState":{"showFog":true,"showMaterialUpdate":false,"showSkybox":true,"showFlares":true,"showImageEffects":true,"showParticleSystems":true},"in2DMode":false,"pivot":{"x":0.9814956188201904,"y":22.27968978881836,"z":0.1943345069885254},"rotation":{"x":0.08139048516750336,"y":0.2556830048561096,"z":-0.021607443690299989,"w":0.9630903601646423},"size":3.5660250186920168,"orthographic":false}