{"cameraMode":{"drawMode":0,"name":"Shaded","section":"Shading Mode"},"sceneLighting":true,"audioPlay":false,"sceneViewState":{"showFog":true,"showMaterialUpdate":false,"showSkybox":true,"showFlares":true,"showImageEffects":true,"showParticleSystems":true},"in2DMode":false,"pivot":{"x":415.2648010253906,"y":167.78016662597657,"z":756.4026489257813},"rotation":{"x":0.07371591776609421,"y":-0.026927713304758073,"z":0.0019909702241420748,"w":0.9969146251678467},"size":752.2098388671875,"orthographic":false}