{"cameraMode":{"drawMode":0,"name":"Shaded","section":"Shading Mode"},"sceneLighting":true,"audioPlay":false,"sceneViewState":{"showFog":true,"showMaterialUpdate":false,"showSkybox":true,"showFlares":true,"showImageEffects":true,"showParticleSystems":true},"in2DMode":false,"pivot":{"x":16.77375030517578,"y":-0.48275983333587649,"z":-54.904090881347659},"rotation":{"x":0.17520317435264588,"y":-0.6166365146636963,"z":0.14328230917453767,"w":0.7540124654769898},"size":1.544659972190857,"orthographic":false}