{"cameraMode":{"drawMode":0,"name":"Shaded","section":"Shading Mode"},"sceneLighting":true,"audioPlay":false,"sceneViewState":{"showFog":true,"showMaterialUpdate":false,"showSkybox":true,"showFlares":true,"showImageEffects":true,"showParticleSystems":true},"in2DMode":false,"pivot":{"x":84.52930450439453,"y":87.12562561035156,"z":-73.04242706298828},"rotation":{"x":0.2598002851009369,"y":-0.14276379346847535,"z":0.03886745870113373,"w":0.9542637467384338},"size":16.695907592773439,"orthographic":false}