{"cameraMode":{"drawMode":0,"name":"Shaded","section":"Shading Mode"},"sceneLighting":true,"audioPlay":false,"sceneViewState":{"showFog":true,"showMaterialUpdate":false,"showSkybox":true,"showFlares":true,"showImageEffects":true,"showParticleSystems":true},"in2DMode":false,"pivot":{"x":-413.44012451171877,"y":61.12493896484375,"z":1347.519775390625},"rotation":{"x":-0.1621478945016861,"y":0.6094865798950195,"z":-0.12914921343326569,"w":-0.7652156949043274},"size":803.82470703125,"orthographic":false}